{"log_loss": 26.91410467892319, "auc_roc": {"avg": 0.5240827832274336, "min": 0.46981250115698936, "max": 0.6071374312774206}, "best_params": "{\"embedding_dim\": 64, \"max_epoch\": 1, \"patience\": 5}", "timestamp": "2022-03-02T23:37:06.280456+01:00"}