{"log_loss": 3.2459953090844014, "auc_roc": {"avg": 0.5719078170559282, "min": 0.42508394697167917, "max": 0.7603701392900135}, "f1_score": {"avg": 0.10567018500301716, "min": 0.006690997566909977, "max": 0.526711813393529}, "precision": {"avg": 0.07373264061125646, "min": 0.003360831041857623, "max": 0.39436619718309857}, "recall": {"avg": 0.49044997309511995, "min": 0.030927835051546393, "max": 1.0}, "timestamp": "2022-03-29T00:29:09.502097+02:00"}