{"log_loss": 6.7428052350169585, "auc_roc": {"avg": 0.5733489181477439, "min": 0.44224924012158057, "max": 0.9053514658741671}, "f1_score": {"avg": 0.13003447220389017, "min": 0.008658008658008656, "max": 0.6536585365853659}, "precision": {"avg": 0.1256289798823377, "min": 0.004464285714285714, "max": 0.7821011673151751}, "recall": {"avg": 0.3227782070407835, "min": 0.05555555555555555, "max": 0.9405436013590034}, "timestamp": "2022-03-27T14:10:40.200514+02:00"}