{"log_loss": 2.961287343805748, "auc_roc": {"avg": 0.6956612554375601, "min": 0.5634112478294713, "max": 0.9599962851587129}, "f1_score": {"avg": 0.2100047491814956, "min": 0.022598870056497175, "max": 0.8895522388059701}, "precision": {"avg": 0.1880478549671078, "min": 0.011904761904761904, "max": 0.9551282051282052}, "recall": {"avg": 0.3600009023211942, "min": 0.06666666666666667, "max": 0.8324022346368715}, "timestamp": "2022-05-19T19:44:36.878510+02:00"}