{"log_loss": 2.9653944689554885, "auc_roc": {"avg": 0.6956653241787831, "min": 0.5633675877691955, "max": 0.9599869153809862}, "f1_score": {"avg": 0.2099151733699217, "min": 0.02247191011235955, "max": 0.8895522388059701}, "precision": {"avg": 0.18796746501651276, "min": 0.011834319526627219, "max": 0.9551282051282052}, "recall": {"avg": 0.3600009023211942, "min": 0.06666666666666667, "max": 0.8324022346368715}, "timestamp": "2022-05-20T00:38:31.623279+02:00"}