{"log_loss": 29.370054238667752, "auc_roc": {"avg": 0.5, "min": 0.5, "max": 0.5}, "f1_score": {"avg": 0.07553862831150271, "min": 0.0047802904945762085, "max": 0.49110122358175745}, "precision": {"avg": 0.04199357590437575, "min": 0.002395871728713601, "max": 0.32546995945447843}, "recall": {"avg": 1.0, "min": 1.0, "max": 1.0}, "timestamp": "2022-03-03T23:21:50.302336+01:00"}