{"auc_roc": {"avg": 0.5754103899606591, "min": 0.4103332718440632, "max": 0.7430185217274422}, "f1_score": {"avg": 0.09294600596852638, "min": 0.0, "max": 0.5360141405214318}, "precision": {"avg": 0.05872963162532118, "min": 0.0, "max": 0.4428623585250091}, "recall": {"avg": 0.5430564133854588, "min": 0.0, "max": 0.9962546816479401}, "timestamp": "2022-03-29T00:29:14.368741+02:00"}