{"auc_roc": {"avg": 0.7002895058987999, "min": 0.4594324540367706, "max": 0.9706098858038512}, "f1_score": {"avg": 0.18343742539986965, "min": 0.0, "max": 0.889894419306184}, "precision": {"avg": 0.15740913697900583, "min": 0.0, "max": 0.9485530546623794}, "recall": {"avg": 0.32833000088343417, "min": 0.0, "max": 0.8522663682148853}, "timestamp": "2022-05-19T19:44:39.677922+02:00"}