{"auc_roc": {"avg": 0.5, "min": 0.5, "max": 0.5}, "f1_score": {"avg": 0.07482442019603729, "min": 0.0022087244616234123, "max": 0.49542556140837263}, "precision": {"avg": 0.04165021453578667, "min": 0.001105583195135434, "max": 0.3292795282845034}, "recall": {"avg": 1.0, "min": 1.0, "max": 1.0}, "timestamp": "2022-03-03T23:21:54.335225+01:00"}