{"auc_roc": {"avg": 0.5770208822854495, "min": 0.44630449486564594, "max": 0.9036075347066725}, "f1_score": {"avg": 0.11251171709781212, "min": 0.0, "max": 0.6219178082191781}, "precision": {"avg": 0.0942735433645704, "min": 0.0, "max": 0.6005291005291006}, "recall": {"avg": 0.26242105994339465, "min": 0.0, "max": 0.9367655288192501}, "timestamp": "2022-03-27T14:10:43.897274+02:00"}