{"auc_roc": {"avg": 0.7002760975280563, "min": 0.4597860173399742, "max": 0.9706160434393194}, "f1_score": {"avg": 0.18450073509442969, "min": 0.0, "max": 0.889894419306184}, "precision": {"avg": 0.1582147778678187, "min": 0.0, "max": 0.9485530546623794}, "recall": {"avg": 0.3300296325036899, "min": 0.0, "max": 0.8522663682148853}, "timestamp": "2022-05-20T00:38:40.521846+02:00"}