{"admiration": 0.0606345534324646, "amusement": 0.03997565805912018, "anger": 0.030021103098988533, "annoyance": 0.0417463444173336, "approval": 0.0537433885037899, "caring": 0.023162169381976128, "confusion": 0.023439783602952957, "curiosity": 0.03751484677195549, "desire": 0.017691530287265778, "disappointment": 0.02731805108487606, "disapproval": 0.04134269803762436, "disgust": 0.023463409394025803, "embarrassment": 0.014820827171206474, "excitement": 0.02287946455180645, "fear": 0.010215392336249352, "gratitude": 0.05224773287773132, "grief": 0.006009361706674099, "joy": 0.02916659228503704, "love": 0.03983468934893608, "nervousness": 0.006382463034242392, "optimism": 0.03380323201417923, "pride": 0.0015607770765200257, "realization": 0.02516467310488224, "relief": 0.007600825745612383, "remorse": 0.019646504893898964, "sadness": 0.03072006069123745, "surprise": 0.021224364638328552, "neutral": 0.2701631784439087}