{"admiration": 0.11847707629203796, "amusement": 0.06494484841823578, "anger": 0.03544803708791733, "annoyance": 0.04483599215745926, "approval": 0.05244951695203781, "caring": 0.026732774451375008, "confusion": 0.022212835028767586, "curiosity": 0.0430222824215889, "desire": 0.017163027077913284, "disappointment": 0.0271188672631979, "disapproval": 0.044312696903944016, "disgust": 0.011446266435086727, "embarrassment": 0.010826582089066505, "excitement": 0.018084194511175156, "fear": 0.012319398112595081, "gratitude": 0.4878906309604645, "grief": 0.003171084448695183, "joy": 0.032055553048849106, "love": 0.14518000185489655, "nervousness": 0.0031850645318627357, "optimism": 0.044124774634838104, "pride": 0.0034976843744516373, "realization": 0.024028407409787178, "relief": 0.002852476667612791, "remorse": 0.02162298560142517, "sadness": 0.03167951852083206, "surprise": 0.02203367091715336, "neutral": 0.3986970782279968}