{"admiration": 0.11847999691963196, "amusement": 0.06493999809026718, "anger": 0.03545000031590462, "annoyance": 0.044840000569820404, "approval": 0.05245000123977661, "caring": 0.026729999110102654, "confusion": 0.022210000082850456, "curiosity": 0.04301999881863594, "desire": 0.017160000279545784, "disappointment": 0.02711999975144863, "disapproval": 0.04430999979376793, "disgust": 0.01145000010728836, "embarrassment": 0.010830000042915344, "excitement": 0.018079999834299088, "fear": 0.012319999746978283, "gratitude": 0.48789000511169434, "grief": 0.003169999923557043, "joy": 0.03206000104546547, "love": 0.14518000185489655, "nervousness": 0.0031900000758469105, "optimism": 0.044119998812675476, "pride": 0.0035000001080334187, "realization": 0.02402999997138977, "relief": 0.002850000048056245, "remorse": 0.021619999781250954, "sadness": 0.03167999908328056, "surprise": 0.022029999643564224, "neutral": 0.3986999988555908}