{"admiration": 0.0028050749097019434, "amusement": 0.0009073648834601045, "anger": 0.023668572306632996, "annoyance": 0.002624493557959795, "approval": 0.022687505930662155, "caring": 0.02444508671760559, "confusion": 0.02323972061276436, "curiosity": 0.0016068161930888891, "desire": 0.00931563787162304, "disappointment": 3.578839368856279e-06, "disapproval": 2.51437495535356e-06, "disgust": 0.01212086621671915, "embarrassment": 0.0077183982357382774, "excitement": 0.013665189035236835, "fear": 0.00945619773119688, "gratitude": 0.9983407258987427, "grief": 0.006867376621812582, "joy": 0.04250285401940346, "love": 0.10986097157001495, "nervousness": 0.002530690748244524, "optimism": 0.0035875088069587946, "pride": 0.0003161572094541043, "realization": 0.018444404006004333, "relief": 0.007572790142148733, "remorse": 0.02552294358611107, "sadness": 0.027692267671227455, "surprise": 0.02392081916332245, "neutral": 0.15722393989562988}