{"log_loss": 71117.4375, "auc_roc": {"avg": 0.6060600829322318, "min": 0.47534436190423307, "max": 0.9015409395973155}, "best_params": "{\"embedding_dim\": 64, \"max_epoch\": 20, \"patience\": 3}", "timestamp": "2022-03-25T00:58:47.226696+01:00"}