{"log_loss": 3.776560302734375, "auc_roc": {"avg": 0.6808118732486363, "min": 0.514013266145619, "max": 0.9638218425869434}, "best_params": "{\"embedding_dim\": 32, \"max_epoch\": 20, \"patience\": 3}", "timestamp": "2022-05-19T19:44:13.424833+02:00"}