{"log_loss": 29.346423143353007, "auc_roc": {"avg": 0.5, "min": 0.5, "max": 0.5}, "best_params": "{\"embedding_dim\": 64, \"max_epoch\": 50, \"patience\": 5}", "timestamp": "2022-03-03T23:20:34.977307+01:00"}