{"log_loss": 4.56459521484375, "auc_roc": {"avg": 0.5610012681908765, "min": 0.3195366756943112, "max": 0.7376907870652838}, "best_params": "{\"embedding_dim\": 32, \"max_epoch\": 20, \"patience\": 3}", "timestamp": "2022-03-29T00:28:21.028246+02:00"}